run_id,dataset,split,model,scenario,ids,probes,time_sec,top1,unknown,threshold,eer,eer_threshold,tar@far1e-2,thr@far1e-2,tar@far1e-3,thr@far1e-3
20260310_021050,datasets\processed\apff_clean,split_seed42.json,maskinv,uu,395,2522,823.4082705974579,0.8152260111022998,0,,0.11915146559476852,0.11544500291347504,0.8453608155250549,0.2304919958114624,0.8271213173866272,0.31897199153900146
20260310_021050,datasets\processed\apff_clean,split_seed42.json,maskinv,um,395,2522,868.6742577552795,0.7700237906423474,0,,0.12410784512758255,0.10317099839448929,0.8251388072967529,0.21198099851608276,0.7553529143333435,0.3372879922389984
20260310_021050,datasets\processed\apff_clean,split_seed42.json,maskinv,mm,395,2522,0.1749873161315918,0.7624900872323552,0,,0.12886595726013184,0.11646600067615509,0.8191910982131958,0.25668200850486755,0.7616970539093018,0.3532559871673584
