run_id,dataset,split,model,scenario,ids,probes,time_sec,top1,unknown,threshold,eer,eer_threshold,tar@far1e-2,thr@far1e-2,tar@far1e-3,thr@far1e-3
20260310_020944,datasets\processed\apff_clean,split_seed42.json,arcface,uu,395,2522,27.2900607585907,0.8148295003965107,0,,0.12153052538633347,0.0989530012011528,0.840999186038971,0.19633899629116058,0.8255352973937988,0.24511699378490448
20260310_020944,datasets\processed\apff_clean,split_seed42.json,arcface,um,395,2522,23.930646657943726,0.6455194290245837,0,,0.14393340051174164,0.07727599889039993,0.7426645755767822,0.1767510026693344,0.5753370523452759,0.2664389908313751
20260310_020944,datasets\processed\apff_clean,split_seed42.json,arcface,mm,395,2522,0.07507729530334473,0.6562252180808882,0,,0.13778746128082275,0.1764799952507019,0.7339413166046143,0.3446590006351471,0.6562252044677734,0.412324994802475
